<tns:GetBookingDetailsResponse xmlns:tns="urn:riv:crm:scheduling:GetBookingDetailsResponder:1" xmlns:tns1="urn:riv:crm:scheduling:1" xmlns:xsi="http://www.w3.org/2001/XMLSchema-instance" xsi:schemaLocation="urn:riv:crm:scheduling:GetBookingDetailsResponder:1 GetBookingDetailsResponder_1.0.xsd ">
  <tns:timeslotDetail>
    <tns1:startTimeInclusive>20100420123000</tns1:startTimeInclusive>
    <tns1:endTimeExclusive>20100420133000</tns1:endTimeExclusive>
    <tns1:healthcare_facility>tns1:healthcare_facility</tns1:healthcare_facility>
    <tns1:performer>tns1:performer(?)</tns1:performer>
    <tns1:bookingId>tns1:bookingId(?)</tns1:bookingId>
    <tns1:subject_of_care>tns1:subject_of_care</tns1:subject_of_care>
    <tns1:purpose>tns1:purpose(?)</tns1:purpose>
    <tns1:reason>tns1:reason(?)</tns1:reason>
    <tns1:resourceName>tns1:resourceName(?)</tns1:resourceName>
    <tns1:healthcare_facility_name>tns1:healthcare_facility_name(?)</tns1:healthcare_facility_name>
    <tns1:performerName>tns1:performerName(?)</tns1:performerName>
    <tns1:resourceID>tns1:resourceID(?)</tns1:resourceID>
    <tns1:timeTypeName>tns1:timeTypeName(?)</tns1:timeTypeName>
    <tns1:timeTypeID>tns1:timeTypeID(?)</tns1:timeTypeID>
    <tns1:careTypeName>tns1:careTypeName(?)</tns1:careTypeName>
    <tns1:careTypeID>tns1:careTypeID(?)</tns1:careTypeID>
    <tns1:cancel_booking_allowed>true(?)</tns1:cancel_booking_allowed>
    <tns1:rebooking_allowed>true(?)</tns1:rebooking_allowed>
    <tns1:message_allowed>true(?)</tns1:message_allowed>
  </tns:timeslotDetail>
</tns:GetBookingDetailsResponse>
