<?xml version="1.0" encoding="UTF-8"?>
<tns:LookupResidentForFullProfileResponse xmlns:tns="urn:riv:population:residentmaster:LookupResidentForFullProfileResponder:1" xmlns:tns1="urn:riv:population:residentmaster:1" xmlns:xsi="http://www.w3.org/2001/XMLSchema-instance" xsi:schemaLocation="urn:riv:population:residentmaster:LookupResidentForFullProfileResponder:1 LookupResidentForFullProfileResponder_1.0.xsd ">
  <tns:resident>
    <tns1:Sekretessmarkering>N</tns1:Sekretessmarkering>
    <tns1:SenasteAndringFolkbokforing>tns1:SenasteAndringFolkbokforing</tns1:SenasteAndringFolkbokforing>
    <tns1:Personpost>
      <tns1:PersonId>tns1:PersonId</tns1:PersonId>
      <tns1:Kon>K</tns1:Kon>
      <tns1:Fodelsetid>tns1:Fodelsetid</tns1:Fodelsetid>
      <tns1:Avregistrering>
        <tns1:AvregistreringsorsakKod>AV</tns1:AvregistreringsorsakKod>
        <tns1:Avregistreringsdatum>tns1:Avregistreringsdatum</tns1:Avregistreringsdatum>
      </tns1:Avregistrering>
      <tns1:Namn>
        <tns1:Tilltalsnamnsmarkering>0</tns1:Tilltalsnamnsmarkering>
        <tns1:Fornamn>tns1:Fornamn</tns1:Fornamn>
        <tns1:Mellannamn>tns1:Mellannamn</tns1:Mellannamn>
        <tns1:Efternamn>tns1:Efternamn</tns1:Efternamn>
        <tns1:Aviseringsnamn>tns1:Aviseringsnamn</tns1:Aviseringsnamn>
      </tns1:Namn>
      <tns1:Folkbokforingsadress>
        <tns1:CareOf>tns1:CareOf</tns1:CareOf>
        <tns1:Utdelningsadress1>tns1:Utdelningsadress1</tns1:Utdelningsadress1>
        <tns1:Utdelningsadress2>tns1:Utdelningsadress2</tns1:Utdelningsadress2>
        <tns1:PostNr>tns1:PostNr</tns1:PostNr>
        <tns1:Postort>tns1:Postort</tns1:Postort>
      </tns1:Folkbokforingsadress>
      <tns1:SarskildPostadress>
        <tns1:CareOf>tns1:CareOf</tns1:CareOf>
        <tns1:Utdelningsadress1>tns1:Utdelningsadress1</tns1:Utdelningsadress1>
        <tns1:Utdelningsadress2>tns1:Utdelningsadress2</tns1:Utdelningsadress2>
        <tns1:PostNr>tns1:PostNr</tns1:PostNr>
        <tns1:Postort>tns1:Postort</tns1:Postort>
      </tns1:SarskildPostadress>
    </tns1:Personpost>
  </tns:resident>
</tns:LookupResidentForFullProfileResponse>