<?xml version="1.0" encoding="UTF-8"?>
<tns:GetSubjectOfCareScheduleResponse xmlns:tns="urn:riv:crm:scheduling:GetSubjectOfCareScheduleResponder:1" xmlns:tns1="urn:riv:crm:scheduling:1" xmlns:tns2="urn:riv:crm:scheduling:1.1" xmlns:xsi="http://www.w3.org/2001/XMLSchema-instance" xsi:schemaLocation="urn:riv:crm:scheduling:GetSubjectOfCareScheduleResponder:1 GetSubjectOfCareScheduleResponder_1.1.xsd ">
  <tns:timeslotDetail>
    <tns1:startTimeInclusive>tns1:startTimeInclusive</tns1:startTimeInclusive>
    <tns1:endTimeExclusive>tns1:endTimeExclusive</tns1:endTimeExclusive>
    <tns1:healthcare_facility>tns1:healthcare_facility</tns1:healthcare_facility>
    <tns1:performer>tns1:performer</tns1:performer>
    <tns1:bookingId>tns1:bookingId</tns1:bookingId>
    <tns1:subject_of_care>tns1:subject_of_care</tns1:subject_of_care>
    <tns1:purpose>tns1:purpose</tns1:purpose>
    <tns1:reason>tns1:reason</tns1:reason>
    <tns1:resourceName>tns1:resourceName</tns1:resourceName>
    <tns1:healthcare_facility_name>tns1:healthcare_facility_name</tns1:healthcare_facility_name>
    <tns1:performerName>tns1:performerName</tns1:performerName>
    <tns1:resourceID>tns1:resourceID</tns1:resourceID>
    <tns1:timeTypeName>tns1:timeTypeName</tns1:timeTypeName>
    <tns1:timeTypeID>tns1:timeTypeID</tns1:timeTypeID>
    <tns1:careTypeName>tns1:careTypeName</tns1:careTypeName>
    <tns1:careTypeID>tns1:careTypeID</tns1:careTypeID>
    <tns1:cancel_booking_allowed>true</tns1:cancel_booking_allowed>
    <tns1:rebooking_allowed>true</tns1:rebooking_allowed>
    <tns1:message_allowed>true</tns1:message_allowed>
    <tns2:isInvitation>true</tns2:isInvitation>
  </tns:timeslotDetail>
</tns:GetSubjectOfCareScheduleResponse>
