<?xml version="1.0" encoding="UTF-8"?>
<GetCareDocumentation 
    xmlns:xsi="http://www.w3.org/2001/XMLSchema-instance"
    xmlns:core="urn:riv:ehr:patientsummary:2"
    xmlns:codes="urn:riv:ehr:patientsummary:enums:2"
    xmlns="urn:riv:ehr:patientsummary:GetCareDocumentationResponder:2"
    xsi:schemaLocation="urn:riv:ehr:patientsummary:GetCareDocumentationResponder:2 file:./GetCareDocumentationResponder_2.0.xsd
">
    <careUnitHSAid>careUnitHSAid</careUnitHSAid>
    <patientId>
        <core:id>1212121212</core:id>
        <core:type>1.2.752.129.2.1.3.1</core:type>
    </patientId>
    <timePeriod>
        <core:start>20130113</core:start>
        <core:end>20130213</core:end>
    </timePeriod>
</GetCareDocumentation>
